テストデバイス,SN:12345,テスト用のデバイスです。
Test Device 1,SN:10001,テストデバイス1
Test Device 2,SN:10002,テストデバイス2
Test Device 3,SN:10003,テストデバイス3
Test Device 4,SN:10004,テストデバイス4
Test Device 5,SN:10005,テストデバイス5
Test Device 6,SN:10006,テストデバイス6
Test Device 7,SN:10007,テストデバイス7
Test Device 8,SN:10008,テストデバイス8
Test Device 9,SN:10009,テストデバイス9
Test Device 10,SN:10010,テストデバイス10
Test Device 11,SN:10011,テストデバイス11
Test Device 12,SN:10012,テストデバイス12
Test Device 13,SN:10013,テストデバイス13
Test Device 14,SN:10014,テストデバイス14
Test Device 15,SN:10015,テストデバイス15
Test Device 16,SN:10016,テストデバイス16
Test Device 17,SN:10017,テストデバイス17
Test Device 18,SN:10018,テストデバイス18
Test Device 19,SN:10019,テストデバイス19
Test Device 20,SN:10020,テストデバイス20
Test Device 21,SN:10021,テストデバイス21
Test Device 22,SN:10022,テストデバイス22
Test Device 23,SN:10023,テストデバイス23
Test Device 24,SN:10024,テストデバイス24
Test Device 25,SN:10025,テストデバイス25
Test Device 26,SN:10026,テストデバイス26
Test Device 27,SN:10027,テストデバイス27
Test Device 28,SN:10028,テストデバイス28
